ID,Name,Nexus_File,rooted,type,method,scaling,Source
summary,TREE1,summary.trees,,summary,bayesian,years,Lee_2013
posterior-1,STATE_10010000,posterior.trees,true,sample,bayesian,years,Lee_2013
posterior-2,STATE_10020000,posterior.trees,true,sample,bayesian,years,Lee_2013
posterior-3,STATE_10030000,posterior.trees,true,sample,bayesian,years,Lee_2013
posterior-4,STATE_10040000,posterior.trees,true,sample,bayesian,years,Lee_2013
posterior-5,STATE_10050000,posterior.trees,true,sample,bayesian,years,Lee_2013
posterior-6,STATE_10060000,posterior.trees,true,sample,bayesian,years,Lee_2013
posterior-7,STATE_10070000,posterior.trees,true,sample,bayesian,years,Lee_2013
posterior-8,STATE_10080000,posterior.trees,true,sample,bayesian,years,Lee_2013
posterior-9,STATE_10090000,posterior.trees,true,sample,bayesian,years,Lee_2013
posterior-10,STATE_10100000,posterior.trees,true,sample,bayesian,years,Lee_2013
posterior-11,STATE_10110000,posterior.trees,true,sample,bayesian,years,Lee_2013
posterior-12,STATE_10120000,posterior.trees,true,sample,bayesian,years,Lee_2013
posterior-13,STATE_10130000,posterior.trees,true,sample,bayesian,years,Lee_2013
posterior-14,STATE_10140000,posterior.trees,true,sample,bayesian,years,Lee_2013
posterior-15,STATE_10150000,posterior.trees,true,sample,bayesian,years,Lee_2013
posterior-16,STATE_10160000,posterior.trees,true,sample,bayesian,years,Lee_2013
posterior-17,STATE_10170000,posterior.trees,true,sample,bayesian,years,Lee_2013
posterior-18,STATE_10180000,posterior.trees,true,sample,bayesian,years,Lee_2013
posterior-19,STATE_10190000,posterior.trees,true,sample,bayesian,years,Lee_2013
posterior-20,STATE_10200000,posterior.trees,true,sample,bayesian,years,Lee_2013
posterior-21,STATE_10210000,posterior.trees,true,sample,bayesian,years,Lee_2013
posterior-22,STATE_10220000,posterior.trees,true,sample,bayesian,years,Lee_2013
posterior-23,STATE_10230000,posterior.trees,true,sample,bayesian,years,Lee_2013
posterior-24,STATE_10240000,posterior.trees,true,sample,bayesian,years,Lee_2013
posterior-25,STATE_10250000,posterior.trees,true,sample,bayesian,years,Lee_2013
posterior-26,STATE_10260000,posterior.trees,true,sample,bayesian,years,Lee_2013
posterior-27,STATE_10270000,posterior.trees,true,sample,bayesian,years,Lee_2013
posterior-28,STATE_10280000,posterior.trees,true,sample,bayesian,years,Lee_2013
posterior-29,STATE_10290000,posterior.trees,true,sample,bayesian,years,Lee_2013
posterior-30,STATE_10300000,posterior.trees,true,sample,bayesian,years,Lee_2013
posterior-31,STATE_10310000,posterior.trees,true,sample,bayesian,years,Lee_2013
posterior-32,STATE_10320000,posterior.trees,true,sample,bayesian,years,Lee_2013
posterior-33,STATE_10330000,posterior.trees,true,sample,bayesian,years,Lee_2013
posterior-34,STATE_10340000,posterior.trees,true,sample,bayesian,years,Lee_2013
posterior-35,STATE_10350000,posterior.trees,true,sample,bayesian,years,Lee_2013
posterior-36,STATE_10360000,posterior.trees,true,sample,bayesian,years,Lee_2013
posterior-37,STATE_10370000,posterior.trees,true,sample,bayesian,years,Lee_2013
posterior-38,STATE_10380000,posterior.trees,true,sample,bayesian,years,Lee_2013
posterior-39,STATE_10390000,posterior.trees,true,sample,bayesian,years,Lee_2013
posterior-40,STATE_10400000,posterior.trees,true,sample,bayesian,years,Lee_2013
posterior-41,STATE_10410000,posterior.trees,true,sample,bayesian,years,Lee_2013
posterior-42,STATE_10420000,posterior.trees,true,sample,bayesian,years,Lee_2013
posterior-43,STATE_10430000,posterior.trees,true,sample,bayesian,years,Lee_2013
posterior-44,STATE_10440000,posterior.trees,true,sample,bayesian,years,Lee_2013
posterior-45,STATE_10450000,posterior.trees,true,sample,bayesian,years,Lee_2013
posterior-46,STATE_10460000,posterior.trees,true,sample,bayesian,years,Lee_2013
posterior-47,STATE_10470000,posterior.trees,true,sample,bayesian,years,Lee_2013
posterior-48,STATE_10480000,posterior.trees,true,sample,bayesian,years,Lee_2013
posterior-49,STATE_10490000,posterior.trees,true,sample,bayesian,years,Lee_2013
posterior-50,STATE_10500000,posterior.trees,true,sample,bayesian,years,Lee_2013
posterior-51,STATE_10510000,posterior.trees,true,sample,bayesian,years,Lee_2013
posterior-52,STATE_10520000,posterior.trees,true,sample,bayesian,years,Lee_2013
posterior-53,STATE_10530000,posterior.trees,true,sample,bayesian,years,Lee_2013
posterior-54,STATE_10540000,posterior.trees,true,sample,bayesian,years,Lee_2013
posterior-55,STATE_10550000,posterior.trees,true,sample,bayesian,years,Lee_2013
posterior-56,STATE_10560000,posterior.trees,true,sample,bayesian,years,Lee_2013
posterior-57,STATE_10570000,posterior.trees,true,sample,bayesian,years,Lee_2013
posterior-58,STATE_10580000,posterior.trees,true,sample,bayesian,years,Lee_2013
posterior-59,STATE_10590000,posterior.trees,true,sample,bayesian,years,Lee_2013
posterior-60,STATE_10600000,posterior.trees,true,sample,bayesian,years,Lee_2013
posterior-61,STATE_10610000,posterior.trees,true,sample,bayesian,years,Lee_2013
posterior-62,STATE_10620000,posterior.trees,true,sample,bayesian,years,Lee_2013
posterior-63,STATE_10630000,posterior.trees,true,sample,bayesian,years,Lee_2013
posterior-64,STATE_10640000,posterior.trees,true,sample,bayesian,years,Lee_2013
posterior-65,STATE_10650000,posterior.trees,true,sample,bayesian,years,Lee_2013
posterior-66,STATE_10660000,posterior.trees,true,sample,bayesian,years,Lee_2013
posterior-67,STATE_10670000,posterior.trees,true,sample,bayesian,years,Lee_2013
posterior-68,STATE_10680000,posterior.trees,true,sample,bayesian,years,Lee_2013
posterior-69,STATE_10690000,posterior.trees,true,sample,bayesian,years,Lee_2013
posterior-70,STATE_10700000,posterior.trees,true,sample,bayesian,years,Lee_2013
posterior-71,STATE_10710000,posterior.trees,true,sample,bayesian,years,Lee_2013
posterior-72,STATE_10720000,posterior.trees,true,sample,bayesian,years,Lee_2013
posterior-73,STATE_10730000,posterior.trees,true,sample,bayesian,years,Lee_2013
posterior-74,STATE_10740000,posterior.trees,true,sample,bayesian,years,Lee_2013
posterior-75,STATE_10750000,posterior.trees,true,sample,bayesian,years,Lee_2013
posterior-76,STATE_10760000,posterior.trees,true,sample,bayesian,years,Lee_2013
posterior-77,STATE_10770000,posterior.trees,true,sample,bayesian,years,Lee_2013
posterior-78,STATE_10780000,posterior.trees,true,sample,bayesian,years,Lee_2013
posterior-79,STATE_10790000,posterior.trees,true,sample,bayesian,years,Lee_2013
posterior-80,STATE_10800000,posterior.trees,true,sample,bayesian,years,Lee_2013
posterior-81,STATE_10810000,posterior.trees,true,sample,bayesian,years,Lee_2013
posterior-82,STATE_10820000,posterior.trees,true,sample,bayesian,years,Lee_2013
posterior-83,STATE_10830000,posterior.trees,true,sample,bayesian,years,Lee_2013
posterior-84,STATE_10840000,posterior.trees,true,sample,bayesian,years,Lee_2013
posterior-85,STATE_10850000,posterior.trees,true,sample,bayesian,years,Lee_2013
posterior-86,STATE_10860000,posterior.trees,true,sample,bayesian,years,Lee_2013
posterior-87,STATE_10870000,posterior.trees,true,sample,bayesian,years,Lee_2013
posterior-88,STATE_10880000,posterior.trees,true,sample,bayesian,years,Lee_2013
posterior-89,STATE_10890000,posterior.trees,true,sample,bayesian,years,Lee_2013
posterior-90,STATE_10900000,posterior.trees,true,sample,bayesian,years,Lee_2013
posterior-91,STATE_10910000,posterior.trees,true,sample,bayesian,years,Lee_2013
posterior-92,STATE_10920000,posterior.trees,true,sample,bayesian,years,Lee_2013
posterior-93,STATE_10930000,posterior.trees,true,sample,bayesian,years,Lee_2013
posterior-94,STATE_10940000,posterior.trees,true,sample,bayesian,years,Lee_2013
posterior-95,STATE_10950000,posterior.trees,true,sample,bayesian,years,Lee_2013
posterior-96,STATE_10960000,posterior.trees,true,sample,bayesian,years,Lee_2013
posterior-97,STATE_10970000,posterior.trees,true,sample,bayesian,years,Lee_2013
posterior-98,STATE_10980000,posterior.trees,true,sample,bayesian,years,Lee_2013
posterior-99,STATE_10990000,posterior.trees,true,sample,bayesian,years,Lee_2013
posterior-100,STATE_11000000,posterior.trees,true,sample,bayesian,years,Lee_2013
posterior-101,STATE_11010000,posterior.trees,true,sample,bayesian,years,Lee_2013
posterior-102,STATE_11020000,posterior.trees,true,sample,bayesian,years,Lee_2013
posterior-103,STATE_11030000,posterior.trees,true,sample,bayesian,years,Lee_2013
posterior-104,STATE_11040000,posterior.trees,true,sample,bayesian,years,Lee_2013
posterior-105,STATE_11050000,posterior.trees,true,sample,bayesian,years,Lee_2013
posterior-106,STATE_11060000,posterior.trees,true,sample,bayesian,years,Lee_2013
posterior-107,STATE_11070000,posterior.trees,true,sample,bayesian,years,Lee_2013
posterior-108,STATE_11080000,posterior.trees,true,sample,bayesian,years,Lee_2013
posterior-109,STATE_11090000,posterior.trees,true,sample,bayesian,years,Lee_2013
posterior-110,STATE_11100000,posterior.trees,true,sample,bayesian,years,Lee_2013
posterior-111,STATE_11110000,posterior.trees,true,sample,bayesian,years,Lee_2013
posterior-112,STATE_11120000,posterior.trees,true,sample,bayesian,years,Lee_2013
posterior-113,STATE_11130000,posterior.trees,true,sample,bayesian,years,Lee_2013
posterior-114,STATE_11140000,posterior.trees,true,sample,bayesian,years,Lee_2013
posterior-115,STATE_11150000,posterior.trees,true,sample,bayesian,years,Lee_2013
posterior-116,STATE_11160000,posterior.trees,true,sample,bayesian,years,Lee_2013
posterior-117,STATE_11170000,posterior.trees,true,sample,bayesian,years,Lee_2013
posterior-118,STATE_11180000,posterior.trees,true,sample,bayesian,years,Lee_2013
posterior-119,STATE_11190000,posterior.trees,true,sample,bayesian,years,Lee_2013
posterior-120,STATE_11200000,posterior.trees,true,sample,bayesian,years,Lee_2013
posterior-121,STATE_11210000,posterior.trees,true,sample,bayesian,years,Lee_2013
posterior-122,STATE_11220000,posterior.trees,true,sample,bayesian,years,Lee_2013
posterior-123,STATE_11230000,posterior.trees,true,sample,bayesian,years,Lee_2013
posterior-124,STATE_11240000,posterior.trees,true,sample,bayesian,years,Lee_2013
posterior-125,STATE_11250000,posterior.trees,true,sample,bayesian,years,Lee_2013
posterior-126,STATE_11260000,posterior.trees,true,sample,bayesian,years,Lee_2013
posterior-127,STATE_11270000,posterior.trees,true,sample,bayesian,years,Lee_2013
posterior-128,STATE_11280000,posterior.trees,true,sample,bayesian,years,Lee_2013
posterior-129,STATE_11290000,posterior.trees,true,sample,bayesian,years,Lee_2013
posterior-130,STATE_11300000,posterior.trees,true,sample,bayesian,years,Lee_2013
posterior-131,STATE_11310000,posterior.trees,true,sample,bayesian,years,Lee_2013
posterior-132,STATE_11320000,posterior.trees,true,sample,bayesian,years,Lee_2013
posterior-133,STATE_11330000,posterior.trees,true,sample,bayesian,years,Lee_2013
posterior-134,STATE_11340000,posterior.trees,true,sample,bayesian,years,Lee_2013
posterior-135,STATE_11350000,posterior.trees,true,sample,bayesian,years,Lee_2013
posterior-136,STATE_11360000,posterior.trees,true,sample,bayesian,years,Lee_2013
posterior-137,STATE_11370000,posterior.trees,true,sample,bayesian,years,Lee_2013
posterior-138,STATE_11380000,posterior.trees,true,sample,bayesian,years,Lee_2013
posterior-139,STATE_11390000,posterior.trees,true,sample,bayesian,years,Lee_2013
posterior-140,STATE_11400000,posterior.trees,true,sample,bayesian,years,Lee_2013
posterior-141,STATE_11410000,posterior.trees,true,sample,bayesian,years,Lee_2013
posterior-142,STATE_11420000,posterior.trees,true,sample,bayesian,years,Lee_2013
posterior-143,STATE_11430000,posterior.trees,true,sample,bayesian,years,Lee_2013
posterior-144,STATE_11440000,posterior.trees,true,sample,bayesian,years,Lee_2013
posterior-145,STATE_11450000,posterior.trees,true,sample,bayesian,years,Lee_2013
posterior-146,STATE_11460000,posterior.trees,true,sample,bayesian,years,Lee_2013
posterior-147,STATE_11470000,posterior.trees,true,sample,bayesian,years,Lee_2013
posterior-148,STATE_11480000,posterior.trees,true,sample,bayesian,years,Lee_2013
posterior-149,STATE_11490000,posterior.trees,true,sample,bayesian,years,Lee_2013
posterior-150,STATE_11500000,posterior.trees,true,sample,bayesian,years,Lee_2013
posterior-151,STATE_11510000,posterior.trees,true,sample,bayesian,years,Lee_2013
posterior-152,STATE_11520000,posterior.trees,true,sample,bayesian,years,Lee_2013
posterior-153,STATE_11530000,posterior.trees,true,sample,bayesian,years,Lee_2013
posterior-154,STATE_11540000,posterior.trees,true,sample,bayesian,years,Lee_2013
posterior-155,STATE_11550000,posterior.trees,true,sample,bayesian,years,Lee_2013
posterior-156,STATE_11560000,posterior.trees,true,sample,bayesian,years,Lee_2013
posterior-157,STATE_11570000,posterior.trees,true,sample,bayesian,years,Lee_2013
posterior-158,STATE_11580000,posterior.trees,true,sample,bayesian,years,Lee_2013
posterior-159,STATE_11590000,posterior.trees,true,sample,bayesian,years,Lee_2013
posterior-160,STATE_11600000,posterior.trees,true,sample,bayesian,years,Lee_2013
posterior-161,STATE_11610000,posterior.trees,true,sample,bayesian,years,Lee_2013
posterior-162,STATE_11620000,posterior.trees,true,sample,bayesian,years,Lee_2013
posterior-163,STATE_11630000,posterior.trees,true,sample,bayesian,years,Lee_2013
posterior-164,STATE_11640000,posterior.trees,true,sample,bayesian,years,Lee_2013
posterior-165,STATE_11650000,posterior.trees,true,sample,bayesian,years,Lee_2013
posterior-166,STATE_11660000,posterior.trees,true,sample,bayesian,years,Lee_2013
posterior-167,STATE_11670000,posterior.trees,true,sample,bayesian,years,Lee_2013
posterior-168,STATE_11680000,posterior.trees,true,sample,bayesian,years,Lee_2013
posterior-169,STATE_11690000,posterior.trees,true,sample,bayesian,years,Lee_2013
posterior-170,STATE_11700000,posterior.trees,true,sample,bayesian,years,Lee_2013
posterior-171,STATE_11710000,posterior.trees,true,sample,bayesian,years,Lee_2013
posterior-172,STATE_11720000,posterior.trees,true,sample,bayesian,years,Lee_2013
posterior-173,STATE_11730000,posterior.trees,true,sample,bayesian,years,Lee_2013
posterior-174,STATE_11740000,posterior.trees,true,sample,bayesian,years,Lee_2013
posterior-175,STATE_11750000,posterior.trees,true,sample,bayesian,years,Lee_2013
posterior-176,STATE_11760000,posterior.trees,true,sample,bayesian,years,Lee_2013
posterior-177,STATE_11770000,posterior.trees,true,sample,bayesian,years,Lee_2013
posterior-178,STATE_11780000,posterior.trees,true,sample,bayesian,years,Lee_2013
posterior-179,STATE_11790000,posterior.trees,true,sample,bayesian,years,Lee_2013
posterior-180,STATE_11800000,posterior.trees,true,sample,bayesian,years,Lee_2013
posterior-181,STATE_11810000,posterior.trees,true,sample,bayesian,years,Lee_2013
posterior-182,STATE_11820000,posterior.trees,true,sample,bayesian,years,Lee_2013
posterior-183,STATE_11830000,posterior.trees,true,sample,bayesian,years,Lee_2013
posterior-184,STATE_11840000,posterior.trees,true,sample,bayesian,years,Lee_2013
posterior-185,STATE_11850000,posterior.trees,true,sample,bayesian,years,Lee_2013
posterior-186,STATE_11860000,posterior.trees,true,sample,bayesian,years,Lee_2013
posterior-187,STATE_11870000,posterior.trees,true,sample,bayesian,years,Lee_2013
posterior-188,STATE_11880000,posterior.trees,true,sample,bayesian,years,Lee_2013
posterior-189,STATE_11890000,posterior.trees,true,sample,bayesian,years,Lee_2013
posterior-190,STATE_11900000,posterior.trees,true,sample,bayesian,years,Lee_2013
posterior-191,STATE_11910000,posterior.trees,true,sample,bayesian,years,Lee_2013
posterior-192,STATE_11920000,posterior.trees,true,sample,bayesian,years,Lee_2013
posterior-193,STATE_11930000,posterior.trees,true,sample,bayesian,years,Lee_2013
posterior-194,STATE_11940000,posterior.trees,true,sample,bayesian,years,Lee_2013
posterior-195,STATE_11950000,posterior.trees,true,sample,bayesian,years,Lee_2013
posterior-196,STATE_11960000,posterior.trees,true,sample,bayesian,years,Lee_2013
posterior-197,STATE_11970000,posterior.trees,true,sample,bayesian,years,Lee_2013
posterior-198,STATE_11980000,posterior.trees,true,sample,bayesian,years,Lee_2013
posterior-199,STATE_11990000,posterior.trees,true,sample,bayesian,years,Lee_2013
posterior-200,STATE_12000000,posterior.trees,true,sample,bayesian,years,Lee_2013
posterior-201,STATE_12010000,posterior.trees,true,sample,bayesian,years,Lee_2013
posterior-202,STATE_12020000,posterior.trees,true,sample,bayesian,years,Lee_2013
posterior-203,STATE_12030000,posterior.trees,true,sample,bayesian,years,Lee_2013
posterior-204,STATE_12040000,posterior.trees,true,sample,bayesian,years,Lee_2013
posterior-205,STATE_12050000,posterior.trees,true,sample,bayesian,years,Lee_2013
posterior-206,STATE_12060000,posterior.trees,true,sample,bayesian,years,Lee_2013
posterior-207,STATE_12070000,posterior.trees,true,sample,bayesian,years,Lee_2013
posterior-208,STATE_12080000,posterior.trees,true,sample,bayesian,years,Lee_2013
posterior-209,STATE_12090000,posterior.trees,true,sample,bayesian,years,Lee_2013
posterior-210,STATE_12100000,posterior.trees,true,sample,bayesian,years,Lee_2013
posterior-211,STATE_12110000,posterior.trees,true,sample,bayesian,years,Lee_2013
posterior-212,STATE_12120000,posterior.trees,true,sample,bayesian,years,Lee_2013
posterior-213,STATE_12130000,posterior.trees,true,sample,bayesian,years,Lee_2013
posterior-214,STATE_12140000,posterior.trees,true,sample,bayesian,years,Lee_2013
posterior-215,STATE_12150000,posterior.trees,true,sample,bayesian,years,Lee_2013
posterior-216,STATE_12160000,posterior.trees,true,sample,bayesian,years,Lee_2013
posterior-217,STATE_12170000,posterior.trees,true,sample,bayesian,years,Lee_2013
posterior-218,STATE_12180000,posterior.trees,true,sample,bayesian,years,Lee_2013
posterior-219,STATE_12190000,posterior.trees,true,sample,bayesian,years,Lee_2013
posterior-220,STATE_12200000,posterior.trees,true,sample,bayesian,years,Lee_2013
posterior-221,STATE_12210000,posterior.trees,true,sample,bayesian,years,Lee_2013
posterior-222,STATE_12220000,posterior.trees,true,sample,bayesian,years,Lee_2013
posterior-223,STATE_12230000,posterior.trees,true,sample,bayesian,years,Lee_2013
posterior-224,STATE_12240000,posterior.trees,true,sample,bayesian,years,Lee_2013
posterior-225,STATE_12250000,posterior.trees,true,sample,bayesian,years,Lee_2013
posterior-226,STATE_12260000,posterior.trees,true,sample,bayesian,years,Lee_2013
posterior-227,STATE_12270000,posterior.trees,true,sample,bayesian,years,Lee_2013
posterior-228,STATE_12280000,posterior.trees,true,sample,bayesian,years,Lee_2013
posterior-229,STATE_12290000,posterior.trees,true,sample,bayesian,years,Lee_2013
posterior-230,STATE_12300000,posterior.trees,true,sample,bayesian,years,Lee_2013
posterior-231,STATE_12310000,posterior.trees,true,sample,bayesian,years,Lee_2013
posterior-232,STATE_12320000,posterior.trees,true,sample,bayesian,years,Lee_2013
posterior-233,STATE_12330000,posterior.trees,true,sample,bayesian,years,Lee_2013
posterior-234,STATE_12340000,posterior.trees,true,sample,bayesian,years,Lee_2013
posterior-235,STATE_12350000,posterior.trees,true,sample,bayesian,years,Lee_2013
posterior-236,STATE_12360000,posterior.trees,true,sample,bayesian,years,Lee_2013
posterior-237,STATE_12370000,posterior.trees,true,sample,bayesian,years,Lee_2013
posterior-238,STATE_12380000,posterior.trees,true,sample,bayesian,years,Lee_2013
posterior-239,STATE_12390000,posterior.trees,true,sample,bayesian,years,Lee_2013
posterior-240,STATE_12400000,posterior.trees,true,sample,bayesian,years,Lee_2013
posterior-241,STATE_12410000,posterior.trees,true,sample,bayesian,years,Lee_2013
posterior-242,STATE_12420000,posterior.trees,true,sample,bayesian,years,Lee_2013
posterior-243,STATE_12430000,posterior.trees,true,sample,bayesian,years,Lee_2013
posterior-244,STATE_12440000,posterior.trees,true,sample,bayesian,years,Lee_2013
posterior-245,STATE_12450000,posterior.trees,true,sample,bayesian,years,Lee_2013
posterior-246,STATE_12460000,posterior.trees,true,sample,bayesian,years,Lee_2013
posterior-247,STATE_12470000,posterior.trees,true,sample,bayesian,years,Lee_2013
posterior-248,STATE_12480000,posterior.trees,true,sample,bayesian,years,Lee_2013
posterior-249,STATE_12490000,posterior.trees,true,sample,bayesian,years,Lee_2013
posterior-250,STATE_12500000,posterior.trees,true,sample,bayesian,years,Lee_2013
posterior-251,STATE_12510000,posterior.trees,true,sample,bayesian,years,Lee_2013
posterior-252,STATE_12520000,posterior.trees,true,sample,bayesian,years,Lee_2013
posterior-253,STATE_12530000,posterior.trees,true,sample,bayesian,years,Lee_2013
posterior-254,STATE_12540000,posterior.trees,true,sample,bayesian,years,Lee_2013
posterior-255,STATE_12550000,posterior.trees,true,sample,bayesian,years,Lee_2013
posterior-256,STATE_12560000,posterior.trees,true,sample,bayesian,years,Lee_2013
posterior-257,STATE_12570000,posterior.trees,true,sample,bayesian,years,Lee_2013
posterior-258,STATE_12580000,posterior.trees,true,sample,bayesian,years,Lee_2013
posterior-259,STATE_12590000,posterior.trees,true,sample,bayesian,years,Lee_2013
posterior-260,STATE_12600000,posterior.trees,true,sample,bayesian,years,Lee_2013
posterior-261,STATE_12610000,posterior.trees,true,sample,bayesian,years,Lee_2013
posterior-262,STATE_12620000,posterior.trees,true,sample,bayesian,years,Lee_2013
posterior-263,STATE_12630000,posterior.trees,true,sample,bayesian,years,Lee_2013
posterior-264,STATE_12640000,posterior.trees,true,sample,bayesian,years,Lee_2013
posterior-265,STATE_12650000,posterior.trees,true,sample,bayesian,years,Lee_2013
posterior-266,STATE_12660000,posterior.trees,true,sample,bayesian,years,Lee_2013
posterior-267,STATE_12670000,posterior.trees,true,sample,bayesian,years,Lee_2013
posterior-268,STATE_12680000,posterior.trees,true,sample,bayesian,years,Lee_2013
posterior-269,STATE_12690000,posterior.trees,true,sample,bayesian,years,Lee_2013
posterior-270,STATE_12700000,posterior.trees,true,sample,bayesian,years,Lee_2013
posterior-271,STATE_12710000,posterior.trees,true,sample,bayesian,years,Lee_2013
posterior-272,STATE_12720000,posterior.trees,true,sample,bayesian,years,Lee_2013
posterior-273,STATE_12730000,posterior.trees,true,sample,bayesian,years,Lee_2013
posterior-274,STATE_12740000,posterior.trees,true,sample,bayesian,years,Lee_2013
posterior-275,STATE_12750000,posterior.trees,true,sample,bayesian,years,Lee_2013
posterior-276,STATE_12760000,posterior.trees,true,sample,bayesian,years,Lee_2013
posterior-277,STATE_12770000,posterior.trees,true,sample,bayesian,years,Lee_2013
posterior-278,STATE_12780000,posterior.trees,true,sample,bayesian,years,Lee_2013
posterior-279,STATE_12790000,posterior.trees,true,sample,bayesian,years,Lee_2013
posterior-280,STATE_12800000,posterior.trees,true,sample,bayesian,years,Lee_2013
posterior-281,STATE_12810000,posterior.trees,true,sample,bayesian,years,Lee_2013
posterior-282,STATE_12820000,posterior.trees,true,sample,bayesian,years,Lee_2013
posterior-283,STATE_12830000,posterior.trees,true,sample,bayesian,years,Lee_2013
posterior-284,STATE_12840000,posterior.trees,true,sample,bayesian,years,Lee_2013
posterior-285,STATE_12850000,posterior.trees,true,sample,bayesian,years,Lee_2013
posterior-286,STATE_12860000,posterior.trees,true,sample,bayesian,years,Lee_2013
posterior-287,STATE_12870000,posterior.trees,true,sample,bayesian,years,Lee_2013
posterior-288,STATE_12880000,posterior.trees,true,sample,bayesian,years,Lee_2013
posterior-289,STATE_12890000,posterior.trees,true,sample,bayesian,years,Lee_2013
posterior-290,STATE_12900000,posterior.trees,true,sample,bayesian,years,Lee_2013
posterior-291,STATE_12910000,posterior.trees,true,sample,bayesian,years,Lee_2013
posterior-292,STATE_12920000,posterior.trees,true,sample,bayesian,years,Lee_2013
posterior-293,STATE_12930000,posterior.trees,true,sample,bayesian,years,Lee_2013
posterior-294,STATE_12940000,posterior.trees,true,sample,bayesian,years,Lee_2013
posterior-295,STATE_12950000,posterior.trees,true,sample,bayesian,years,Lee_2013
posterior-296,STATE_12960000,posterior.trees,true,sample,bayesian,years,Lee_2013
posterior-297,STATE_12970000,posterior.trees,true,sample,bayesian,years,Lee_2013
posterior-298,STATE_12980000,posterior.trees,true,sample,bayesian,years,Lee_2013
posterior-299,STATE_12990000,posterior.trees,true,sample,bayesian,years,Lee_2013
posterior-300,STATE_13000000,posterior.trees,true,sample,bayesian,years,Lee_2013
posterior-301,STATE_13010000,posterior.trees,true,sample,bayesian,years,Lee_2013
posterior-302,STATE_13020000,posterior.trees,true,sample,bayesian,years,Lee_2013
posterior-303,STATE_13030000,posterior.trees,true,sample,bayesian,years,Lee_2013
posterior-304,STATE_13040000,posterior.trees,true,sample,bayesian,years,Lee_2013
posterior-305,STATE_13050000,posterior.trees,true,sample,bayesian,years,Lee_2013
posterior-306,STATE_13060000,posterior.trees,true,sample,bayesian,years,Lee_2013
posterior-307,STATE_13070000,posterior.trees,true,sample,bayesian,years,Lee_2013
posterior-308,STATE_13080000,posterior.trees,true,sample,bayesian,years,Lee_2013
posterior-309,STATE_13090000,posterior.trees,true,sample,bayesian,years,Lee_2013
posterior-310,STATE_13100000,posterior.trees,true,sample,bayesian,years,Lee_2013
posterior-311,STATE_13110000,posterior.trees,true,sample,bayesian,years,Lee_2013
posterior-312,STATE_13120000,posterior.trees,true,sample,bayesian,years,Lee_2013
posterior-313,STATE_13130000,posterior.trees,true,sample,bayesian,years,Lee_2013
posterior-314,STATE_13140000,posterior.trees,true,sample,bayesian,years,Lee_2013
posterior-315,STATE_13150000,posterior.trees,true,sample,bayesian,years,Lee_2013
posterior-316,STATE_13160000,posterior.trees,true,sample,bayesian,years,Lee_2013
posterior-317,STATE_13170000,posterior.trees,true,sample,bayesian,years,Lee_2013
posterior-318,STATE_13180000,posterior.trees,true,sample,bayesian,years,Lee_2013
posterior-319,STATE_13190000,posterior.trees,true,sample,bayesian,years,Lee_2013
posterior-320,STATE_13200000,posterior.trees,true,sample,bayesian,years,Lee_2013
posterior-321,STATE_13210000,posterior.trees,true,sample,bayesian,years,Lee_2013
posterior-322,STATE_13220000,posterior.trees,true,sample,bayesian,years,Lee_2013
posterior-323,STATE_13230000,posterior.trees,true,sample,bayesian,years,Lee_2013
posterior-324,STATE_13240000,posterior.trees,true,sample,bayesian,years,Lee_2013
posterior-325,STATE_13250000,posterior.trees,true,sample,bayesian,years,Lee_2013
posterior-326,STATE_13260000,posterior.trees,true,sample,bayesian,years,Lee_2013
posterior-327,STATE_13270000,posterior.trees,true,sample,bayesian,years,Lee_2013
posterior-328,STATE_13280000,posterior.trees,true,sample,bayesian,years,Lee_2013
posterior-329,STATE_13290000,posterior.trees,true,sample,bayesian,years,Lee_2013
posterior-330,STATE_13300000,posterior.trees,true,sample,bayesian,years,Lee_2013
posterior-331,STATE_13310000,posterior.trees,true,sample,bayesian,years,Lee_2013
posterior-332,STATE_13320000,posterior.trees,true,sample,bayesian,years,Lee_2013
posterior-333,STATE_13330000,posterior.trees,true,sample,bayesian,years,Lee_2013
posterior-334,STATE_13340000,posterior.trees,true,sample,bayesian,years,Lee_2013
posterior-335,STATE_13350000,posterior.trees,true,sample,bayesian,years,Lee_2013
posterior-336,STATE_13360000,posterior.trees,true,sample,bayesian,years,Lee_2013
posterior-337,STATE_13370000,posterior.trees,true,sample,bayesian,years,Lee_2013
posterior-338,STATE_13380000,posterior.trees,true,sample,bayesian,years,Lee_2013
posterior-339,STATE_13390000,posterior.trees,true,sample,bayesian,years,Lee_2013
posterior-340,STATE_13400000,posterior.trees,true,sample,bayesian,years,Lee_2013
posterior-341,STATE_13410000,posterior.trees,true,sample,bayesian,years,Lee_2013
posterior-342,STATE_13420000,posterior.trees,true,sample,bayesian,years,Lee_2013
posterior-343,STATE_13430000,posterior.trees,true,sample,bayesian,years,Lee_2013
posterior-344,STATE_13440000,posterior.trees,true,sample,bayesian,years,Lee_2013
posterior-345,STATE_13450000,posterior.trees,true,sample,bayesian,years,Lee_2013
posterior-346,STATE_13460000,posterior.trees,true,sample,bayesian,years,Lee_2013
posterior-347,STATE_13470000,posterior.trees,true,sample,bayesian,years,Lee_2013
posterior-348,STATE_13480000,posterior.trees,true,sample,bayesian,years,Lee_2013
posterior-349,STATE_13490000,posterior.trees,true,sample,bayesian,years,Lee_2013
posterior-350,STATE_13500000,posterior.trees,true,sample,bayesian,years,Lee_2013
posterior-351,STATE_13510000,posterior.trees,true,sample,bayesian,years,Lee_2013
posterior-352,STATE_13520000,posterior.trees,true,sample,bayesian,years,Lee_2013
posterior-353,STATE_13530000,posterior.trees,true,sample,bayesian,years,Lee_2013
posterior-354,STATE_13540000,posterior.trees,true,sample,bayesian,years,Lee_2013
posterior-355,STATE_13550000,posterior.trees,true,sample,bayesian,years,Lee_2013
posterior-356,STATE_13560000,posterior.trees,true,sample,bayesian,years,Lee_2013
posterior-357,STATE_13570000,posterior.trees,true,sample,bayesian,years,Lee_2013
posterior-358,STATE_13580000,posterior.trees,true,sample,bayesian,years,Lee_2013
posterior-359,STATE_13590000,posterior.trees,true,sample,bayesian,years,Lee_2013
posterior-360,STATE_13600000,posterior.trees,true,sample,bayesian,years,Lee_2013
posterior-361,STATE_13610000,posterior.trees,true,sample,bayesian,years,Lee_2013
posterior-362,STATE_13620000,posterior.trees,true,sample,bayesian,years,Lee_2013
posterior-363,STATE_13630000,posterior.trees,true,sample,bayesian,years,Lee_2013
posterior-364,STATE_13640000,posterior.trees,true,sample,bayesian,years,Lee_2013
posterior-365,STATE_13650000,posterior.trees,true,sample,bayesian,years,Lee_2013
posterior-366,STATE_13660000,posterior.trees,true,sample,bayesian,years,Lee_2013
posterior-367,STATE_13670000,posterior.trees,true,sample,bayesian,years,Lee_2013
posterior-368,STATE_13680000,posterior.trees,true,sample,bayesian,years,Lee_2013
posterior-369,STATE_13690000,posterior.trees,true,sample,bayesian,years,Lee_2013
posterior-370,STATE_13700000,posterior.trees,true,sample,bayesian,years,Lee_2013
posterior-371,STATE_13710000,posterior.trees,true,sample,bayesian,years,Lee_2013
posterior-372,STATE_13720000,posterior.trees,true,sample,bayesian,years,Lee_2013
posterior-373,STATE_13730000,posterior.trees,true,sample,bayesian,years,Lee_2013
posterior-374,STATE_13740000,posterior.trees,true,sample,bayesian,years,Lee_2013
posterior-375,STATE_13750000,posterior.trees,true,sample,bayesian,years,Lee_2013
posterior-376,STATE_13760000,posterior.trees,true,sample,bayesian,years,Lee_2013
posterior-377,STATE_13770000,posterior.trees,true,sample,bayesian,years,Lee_2013
posterior-378,STATE_13780000,posterior.trees,true,sample,bayesian,years,Lee_2013
posterior-379,STATE_13790000,posterior.trees,true,sample,bayesian,years,Lee_2013
posterior-380,STATE_13800000,posterior.trees,true,sample,bayesian,years,Lee_2013
posterior-381,STATE_13810000,posterior.trees,true,sample,bayesian,years,Lee_2013
posterior-382,STATE_13820000,posterior.trees,true,sample,bayesian,years,Lee_2013
posterior-383,STATE_13830000,posterior.trees,true,sample,bayesian,years,Lee_2013
posterior-384,STATE_13840000,posterior.trees,true,sample,bayesian,years,Lee_2013
posterior-385,STATE_13850000,posterior.trees,true,sample,bayesian,years,Lee_2013
posterior-386,STATE_13860000,posterior.trees,true,sample,bayesian,years,Lee_2013
posterior-387,STATE_13870000,posterior.trees,true,sample,bayesian,years,Lee_2013
posterior-388,STATE_13880000,posterior.trees,true,sample,bayesian,years,Lee_2013
posterior-389,STATE_13890000,posterior.trees,true,sample,bayesian,years,Lee_2013
posterior-390,STATE_13900000,posterior.trees,true,sample,bayesian,years,Lee_2013
posterior-391,STATE_13910000,posterior.trees,true,sample,bayesian,years,Lee_2013
posterior-392,STATE_13920000,posterior.trees,true,sample,bayesian,years,Lee_2013
posterior-393,STATE_13930000,posterior.trees,true,sample,bayesian,years,Lee_2013
posterior-394,STATE_13940000,posterior.trees,true,sample,bayesian,years,Lee_2013
posterior-395,STATE_13950000,posterior.trees,true,sample,bayesian,years,Lee_2013
posterior-396,STATE_13960000,posterior.trees,true,sample,bayesian,years,Lee_2013
posterior-397,STATE_13970000,posterior.trees,true,sample,bayesian,years,Lee_2013
posterior-398,STATE_13980000,posterior.trees,true,sample,bayesian,years,Lee_2013
posterior-399,STATE_13990000,posterior.trees,true,sample,bayesian,years,Lee_2013
posterior-400,STATE_14000000,posterior.trees,true,sample,bayesian,years,Lee_2013
posterior-401,STATE_14010000,posterior.trees,true,sample,bayesian,years,Lee_2013
posterior-402,STATE_14020000,posterior.trees,true,sample,bayesian,years,Lee_2013
posterior-403,STATE_14030000,posterior.trees,true,sample,bayesian,years,Lee_2013
posterior-404,STATE_14040000,posterior.trees,true,sample,bayesian,years,Lee_2013
posterior-405,STATE_14050000,posterior.trees,true,sample,bayesian,years,Lee_2013
posterior-406,STATE_14060000,posterior.trees,true,sample,bayesian,years,Lee_2013
posterior-407,STATE_14070000,posterior.trees,true,sample,bayesian,years,Lee_2013
posterior-408,STATE_14080000,posterior.trees,true,sample,bayesian,years,Lee_2013
posterior-409,STATE_14090000,posterior.trees,true,sample,bayesian,years,Lee_2013
posterior-410,STATE_14100000,posterior.trees,true,sample,bayesian,years,Lee_2013
posterior-411,STATE_14110000,posterior.trees,true,sample,bayesian,years,Lee_2013
posterior-412,STATE_14120000,posterior.trees,true,sample,bayesian,years,Lee_2013
posterior-413,STATE_14130000,posterior.trees,true,sample,bayesian,years,Lee_2013
posterior-414,STATE_14140000,posterior.trees,true,sample,bayesian,years,Lee_2013
posterior-415,STATE_14150000,posterior.trees,true,sample,bayesian,years,Lee_2013
posterior-416,STATE_14160000,posterior.trees,true,sample,bayesian,years,Lee_2013
posterior-417,STATE_14170000,posterior.trees,true,sample,bayesian,years,Lee_2013
posterior-418,STATE_14180000,posterior.trees,true,sample,bayesian,years,Lee_2013
posterior-419,STATE_14190000,posterior.trees,true,sample,bayesian,years,Lee_2013
posterior-420,STATE_14200000,posterior.trees,true,sample,bayesian,years,Lee_2013
posterior-421,STATE_14210000,posterior.trees,true,sample,bayesian,years,Lee_2013
posterior-422,STATE_14220000,posterior.trees,true,sample,bayesian,years,Lee_2013
posterior-423,STATE_14230000,posterior.trees,true,sample,bayesian,years,Lee_2013
posterior-424,STATE_14240000,posterior.trees,true,sample,bayesian,years,Lee_2013
posterior-425,STATE_14250000,posterior.trees,true,sample,bayesian,years,Lee_2013
posterior-426,STATE_14260000,posterior.trees,true,sample,bayesian,years,Lee_2013
posterior-427,STATE_14270000,posterior.trees,true,sample,bayesian,years,Lee_2013
posterior-428,STATE_14280000,posterior.trees,true,sample,bayesian,years,Lee_2013
posterior-429,STATE_14290000,posterior.trees,true,sample,bayesian,years,Lee_2013
posterior-430,STATE_14300000,posterior.trees,true,sample,bayesian,years,Lee_2013
posterior-431,STATE_14310000,posterior.trees,true,sample,bayesian,years,Lee_2013
posterior-432,STATE_14320000,posterior.trees,true,sample,bayesian,years,Lee_2013
posterior-433,STATE_14330000,posterior.trees,true,sample,bayesian,years,Lee_2013
posterior-434,STATE_14340000,posterior.trees,true,sample,bayesian,years,Lee_2013
posterior-435,STATE_14350000,posterior.trees,true,sample,bayesian,years,Lee_2013
posterior-436,STATE_14360000,posterior.trees,true,sample,bayesian,years,Lee_2013
posterior-437,STATE_14370000,posterior.trees,true,sample,bayesian,years,Lee_2013
posterior-438,STATE_14380000,posterior.trees,true,sample,bayesian,years,Lee_2013
posterior-439,STATE_14390000,posterior.trees,true,sample,bayesian,years,Lee_2013
posterior-440,STATE_14400000,posterior.trees,true,sample,bayesian,years,Lee_2013
posterior-441,STATE_14410000,posterior.trees,true,sample,bayesian,years,Lee_2013
posterior-442,STATE_14420000,posterior.trees,true,sample,bayesian,years,Lee_2013
posterior-443,STATE_14430000,posterior.trees,true,sample,bayesian,years,Lee_2013
posterior-444,STATE_14440000,posterior.trees,true,sample,bayesian,years,Lee_2013
posterior-445,STATE_14450000,posterior.trees,true,sample,bayesian,years,Lee_2013
posterior-446,STATE_14460000,posterior.trees,true,sample,bayesian,years,Lee_2013
posterior-447,STATE_14470000,posterior.trees,true,sample,bayesian,years,Lee_2013
posterior-448,STATE_14480000,posterior.trees,true,sample,bayesian,years,Lee_2013
posterior-449,STATE_14490000,posterior.trees,true,sample,bayesian,years,Lee_2013
posterior-450,STATE_14500000,posterior.trees,true,sample,bayesian,years,Lee_2013
posterior-451,STATE_14510000,posterior.trees,true,sample,bayesian,years,Lee_2013
posterior-452,STATE_14520000,posterior.trees,true,sample,bayesian,years,Lee_2013
posterior-453,STATE_14530000,posterior.trees,true,sample,bayesian,years,Lee_2013
posterior-454,STATE_14540000,posterior.trees,true,sample,bayesian,years,Lee_2013
posterior-455,STATE_14550000,posterior.trees,true,sample,bayesian,years,Lee_2013
posterior-456,STATE_14560000,posterior.trees,true,sample,bayesian,years,Lee_2013
posterior-457,STATE_14570000,posterior.trees,true,sample,bayesian,years,Lee_2013
posterior-458,STATE_14580000,posterior.trees,true,sample,bayesian,years,Lee_2013
posterior-459,STATE_14590000,posterior.trees,true,sample,bayesian,years,Lee_2013
posterior-460,STATE_14600000,posterior.trees,true,sample,bayesian,years,Lee_2013
posterior-461,STATE_14610000,posterior.trees,true,sample,bayesian,years,Lee_2013
posterior-462,STATE_14620000,posterior.trees,true,sample,bayesian,years,Lee_2013
posterior-463,STATE_14630000,posterior.trees,true,sample,bayesian,years,Lee_2013
posterior-464,STATE_14640000,posterior.trees,true,sample,bayesian,years,Lee_2013
posterior-465,STATE_14650000,posterior.trees,true,sample,bayesian,years,Lee_2013
posterior-466,STATE_14660000,posterior.trees,true,sample,bayesian,years,Lee_2013
posterior-467,STATE_14670000,posterior.trees,true,sample,bayesian,years,Lee_2013
posterior-468,STATE_14680000,posterior.trees,true,sample,bayesian,years,Lee_2013
posterior-469,STATE_14690000,posterior.trees,true,sample,bayesian,years,Lee_2013
posterior-470,STATE_14700000,posterior.trees,true,sample,bayesian,years,Lee_2013
posterior-471,STATE_14710000,posterior.trees,true,sample,bayesian,years,Lee_2013
posterior-472,STATE_14720000,posterior.trees,true,sample,bayesian,years,Lee_2013
posterior-473,STATE_14730000,posterior.trees,true,sample,bayesian,years,Lee_2013
posterior-474,STATE_14740000,posterior.trees,true,sample,bayesian,years,Lee_2013
posterior-475,STATE_14750000,posterior.trees,true,sample,bayesian,years,Lee_2013
posterior-476,STATE_14760000,posterior.trees,true,sample,bayesian,years,Lee_2013
posterior-477,STATE_14770000,posterior.trees,true,sample,bayesian,years,Lee_2013
posterior-478,STATE_14780000,posterior.trees,true,sample,bayesian,years,Lee_2013
posterior-479,STATE_14790000,posterior.trees,true,sample,bayesian,years,Lee_2013
posterior-480,STATE_14800000,posterior.trees,true,sample,bayesian,years,Lee_2013
posterior-481,STATE_14810000,posterior.trees,true,sample,bayesian,years,Lee_2013
posterior-482,STATE_14820000,posterior.trees,true,sample,bayesian,years,Lee_2013
posterior-483,STATE_14830000,posterior.trees,true,sample,bayesian,years,Lee_2013
posterior-484,STATE_14840000,posterior.trees,true,sample,bayesian,years,Lee_2013
posterior-485,STATE_14850000,posterior.trees,true,sample,bayesian,years,Lee_2013
posterior-486,STATE_14860000,posterior.trees,true,sample,bayesian,years,Lee_2013
posterior-487,STATE_14870000,posterior.trees,true,sample,bayesian,years,Lee_2013
posterior-488,STATE_14880000,posterior.trees,true,sample,bayesian,years,Lee_2013
posterior-489,STATE_14890000,posterior.trees,true,sample,bayesian,years,Lee_2013
posterior-490,STATE_14900000,posterior.trees,true,sample,bayesian,years,Lee_2013
posterior-491,STATE_14910000,posterior.trees,true,sample,bayesian,years,Lee_2013
posterior-492,STATE_14920000,posterior.trees,true,sample,bayesian,years,Lee_2013
posterior-493,STATE_14930000,posterior.trees,true,sample,bayesian,years,Lee_2013
posterior-494,STATE_14940000,posterior.trees,true,sample,bayesian,years,Lee_2013
posterior-495,STATE_14950000,posterior.trees,true,sample,bayesian,years,Lee_2013
posterior-496,STATE_14960000,posterior.trees,true,sample,bayesian,years,Lee_2013
posterior-497,STATE_14970000,posterior.trees,true,sample,bayesian,years,Lee_2013
posterior-498,STATE_14980000,posterior.trees,true,sample,bayesian,years,Lee_2013
posterior-499,STATE_14990000,posterior.trees,true,sample,bayesian,years,Lee_2013
posterior-500,STATE_15000000,posterior.trees,true,sample,bayesian,years,Lee_2013
posterior-501,STATE_15010000,posterior.trees,true,sample,bayesian,years,Lee_2013
posterior-502,STATE_15020000,posterior.trees,true,sample,bayesian,years,Lee_2013
posterior-503,STATE_15030000,posterior.trees,true,sample,bayesian,years,Lee_2013
posterior-504,STATE_15040000,posterior.trees,true,sample,bayesian,years,Lee_2013
posterior-505,STATE_15050000,posterior.trees,true,sample,bayesian,years,Lee_2013
posterior-506,STATE_15060000,posterior.trees,true,sample,bayesian,years,Lee_2013
posterior-507,STATE_15070000,posterior.trees,true,sample,bayesian,years,Lee_2013
posterior-508,STATE_15080000,posterior.trees,true,sample,bayesian,years,Lee_2013
posterior-509,STATE_15090000,posterior.trees,true,sample,bayesian,years,Lee_2013
posterior-510,STATE_15100000,posterior.trees,true,sample,bayesian,years,Lee_2013
posterior-511,STATE_15110000,posterior.trees,true,sample,bayesian,years,Lee_2013
posterior-512,STATE_15120000,posterior.trees,true,sample,bayesian,years,Lee_2013
posterior-513,STATE_15130000,posterior.trees,true,sample,bayesian,years,Lee_2013
posterior-514,STATE_15140000,posterior.trees,true,sample,bayesian,years,Lee_2013
posterior-515,STATE_15150000,posterior.trees,true,sample,bayesian,years,Lee_2013
posterior-516,STATE_15160000,posterior.trees,true,sample,bayesian,years,Lee_2013
posterior-517,STATE_15170000,posterior.trees,true,sample,bayesian,years,Lee_2013
posterior-518,STATE_15180000,posterior.trees,true,sample,bayesian,years,Lee_2013
posterior-519,STATE_15190000,posterior.trees,true,sample,bayesian,years,Lee_2013
posterior-520,STATE_15200000,posterior.trees,true,sample,bayesian,years,Lee_2013
posterior-521,STATE_15210000,posterior.trees,true,sample,bayesian,years,Lee_2013
posterior-522,STATE_15220000,posterior.trees,true,sample,bayesian,years,Lee_2013
posterior-523,STATE_15230000,posterior.trees,true,sample,bayesian,years,Lee_2013
posterior-524,STATE_15240000,posterior.trees,true,sample,bayesian,years,Lee_2013
posterior-525,STATE_15250000,posterior.trees,true,sample,bayesian,years,Lee_2013
posterior-526,STATE_15260000,posterior.trees,true,sample,bayesian,years,Lee_2013
posterior-527,STATE_15270000,posterior.trees,true,sample,bayesian,years,Lee_2013
posterior-528,STATE_15280000,posterior.trees,true,sample,bayesian,years,Lee_2013
posterior-529,STATE_15290000,posterior.trees,true,sample,bayesian,years,Lee_2013
posterior-530,STATE_15300000,posterior.trees,true,sample,bayesian,years,Lee_2013
posterior-531,STATE_15310000,posterior.trees,true,sample,bayesian,years,Lee_2013
posterior-532,STATE_15320000,posterior.trees,true,sample,bayesian,years,Lee_2013
posterior-533,STATE_15330000,posterior.trees,true,sample,bayesian,years,Lee_2013
posterior-534,STATE_15340000,posterior.trees,true,sample,bayesian,years,Lee_2013
posterior-535,STATE_15350000,posterior.trees,true,sample,bayesian,years,Lee_2013
posterior-536,STATE_15360000,posterior.trees,true,sample,bayesian,years,Lee_2013
posterior-537,STATE_15370000,posterior.trees,true,sample,bayesian,years,Lee_2013
posterior-538,STATE_15380000,posterior.trees,true,sample,bayesian,years,Lee_2013
posterior-539,STATE_15390000,posterior.trees,true,sample,bayesian,years,Lee_2013
posterior-540,STATE_15400000,posterior.trees,true,sample,bayesian,years,Lee_2013
posterior-541,STATE_15410000,posterior.trees,true,sample,bayesian,years,Lee_2013
posterior-542,STATE_15420000,posterior.trees,true,sample,bayesian,years,Lee_2013
posterior-543,STATE_15430000,posterior.trees,true,sample,bayesian,years,Lee_2013
posterior-544,STATE_15440000,posterior.trees,true,sample,bayesian,years,Lee_2013
posterior-545,STATE_15450000,posterior.trees,true,sample,bayesian,years,Lee_2013
posterior-546,STATE_15460000,posterior.trees,true,sample,bayesian,years,Lee_2013
posterior-547,STATE_15470000,posterior.trees,true,sample,bayesian,years,Lee_2013
posterior-548,STATE_15480000,posterior.trees,true,sample,bayesian,years,Lee_2013
posterior-549,STATE_15490000,posterior.trees,true,sample,bayesian,years,Lee_2013
posterior-550,STATE_15500000,posterior.trees,true,sample,bayesian,years,Lee_2013
posterior-551,STATE_15510000,posterior.trees,true,sample,bayesian,years,Lee_2013
posterior-552,STATE_15520000,posterior.trees,true,sample,bayesian,years,Lee_2013
posterior-553,STATE_15530000,posterior.trees,true,sample,bayesian,years,Lee_2013
posterior-554,STATE_15540000,posterior.trees,true,sample,bayesian,years,Lee_2013
posterior-555,STATE_15550000,posterior.trees,true,sample,bayesian,years,Lee_2013
posterior-556,STATE_15560000,posterior.trees,true,sample,bayesian,years,Lee_2013
posterior-557,STATE_15570000,posterior.trees,true,sample,bayesian,years,Lee_2013
posterior-558,STATE_15580000,posterior.trees,true,sample,bayesian,years,Lee_2013
posterior-559,STATE_15590000,posterior.trees,true,sample,bayesian,years,Lee_2013
posterior-560,STATE_15600000,posterior.trees,true,sample,bayesian,years,Lee_2013
posterior-561,STATE_15610000,posterior.trees,true,sample,bayesian,years,Lee_2013
posterior-562,STATE_15620000,posterior.trees,true,sample,bayesian,years,Lee_2013
posterior-563,STATE_15630000,posterior.trees,true,sample,bayesian,years,Lee_2013
posterior-564,STATE_15640000,posterior.trees,true,sample,bayesian,years,Lee_2013
posterior-565,STATE_15650000,posterior.trees,true,sample,bayesian,years,Lee_2013
posterior-566,STATE_15660000,posterior.trees,true,sample,bayesian,years,Lee_2013
posterior-567,STATE_15670000,posterior.trees,true,sample,bayesian,years,Lee_2013
posterior-568,STATE_15680000,posterior.trees,true,sample,bayesian,years,Lee_2013
posterior-569,STATE_15690000,posterior.trees,true,sample,bayesian,years,Lee_2013
posterior-570,STATE_15700000,posterior.trees,true,sample,bayesian,years,Lee_2013
posterior-571,STATE_15710000,posterior.trees,true,sample,bayesian,years,Lee_2013
posterior-572,STATE_15720000,posterior.trees,true,sample,bayesian,years,Lee_2013
posterior-573,STATE_15730000,posterior.trees,true,sample,bayesian,years,Lee_2013
posterior-574,STATE_15740000,posterior.trees,true,sample,bayesian,years,Lee_2013
posterior-575,STATE_15750000,posterior.trees,true,sample,bayesian,years,Lee_2013
posterior-576,STATE_15760000,posterior.trees,true,sample,bayesian,years,Lee_2013
posterior-577,STATE_15770000,posterior.trees,true,sample,bayesian,years,Lee_2013
posterior-578,STATE_15780000,posterior.trees,true,sample,bayesian,years,Lee_2013
posterior-579,STATE_15790000,posterior.trees,true,sample,bayesian,years,Lee_2013
posterior-580,STATE_15800000,posterior.trees,true,sample,bayesian,years,Lee_2013
posterior-581,STATE_15810000,posterior.trees,true,sample,bayesian,years,Lee_2013
posterior-582,STATE_15820000,posterior.trees,true,sample,bayesian,years,Lee_2013
posterior-583,STATE_15830000,posterior.trees,true,sample,bayesian,years,Lee_2013
posterior-584,STATE_15840000,posterior.trees,true,sample,bayesian,years,Lee_2013
posterior-585,STATE_15850000,posterior.trees,true,sample,bayesian,years,Lee_2013
posterior-586,STATE_15860000,posterior.trees,true,sample,bayesian,years,Lee_2013
posterior-587,STATE_15870000,posterior.trees,true,sample,bayesian,years,Lee_2013
posterior-588,STATE_15880000,posterior.trees,true,sample,bayesian,years,Lee_2013
posterior-589,STATE_15890000,posterior.trees,true,sample,bayesian,years,Lee_2013
posterior-590,STATE_15900000,posterior.trees,true,sample,bayesian,years,Lee_2013
posterior-591,STATE_15910000,posterior.trees,true,sample,bayesian,years,Lee_2013
posterior-592,STATE_15920000,posterior.trees,true,sample,bayesian,years,Lee_2013
posterior-593,STATE_15930000,posterior.trees,true,sample,bayesian,years,Lee_2013
posterior-594,STATE_15940000,posterior.trees,true,sample,bayesian,years,Lee_2013
posterior-595,STATE_15950000,posterior.trees,true,sample,bayesian,years,Lee_2013
posterior-596,STATE_15960000,posterior.trees,true,sample,bayesian,years,Lee_2013
posterior-597,STATE_15970000,posterior.trees,true,sample,bayesian,years,Lee_2013
posterior-598,STATE_15980000,posterior.trees,true,sample,bayesian,years,Lee_2013
posterior-599,STATE_15990000,posterior.trees,true,sample,bayesian,years,Lee_2013
posterior-600,STATE_16000000,posterior.trees,true,sample,bayesian,years,Lee_2013
posterior-601,STATE_16010000,posterior.trees,true,sample,bayesian,years,Lee_2013
posterior-602,STATE_16020000,posterior.trees,true,sample,bayesian,years,Lee_2013
posterior-603,STATE_16030000,posterior.trees,true,sample,bayesian,years,Lee_2013
posterior-604,STATE_16040000,posterior.trees,true,sample,bayesian,years,Lee_2013
posterior-605,STATE_16050000,posterior.trees,true,sample,bayesian,years,Lee_2013
posterior-606,STATE_16060000,posterior.trees,true,sample,bayesian,years,Lee_2013
posterior-607,STATE_16070000,posterior.trees,true,sample,bayesian,years,Lee_2013
posterior-608,STATE_16080000,posterior.trees,true,sample,bayesian,years,Lee_2013
posterior-609,STATE_16090000,posterior.trees,true,sample,bayesian,years,Lee_2013
posterior-610,STATE_16100000,posterior.trees,true,sample,bayesian,years,Lee_2013
posterior-611,STATE_16110000,posterior.trees,true,sample,bayesian,years,Lee_2013
posterior-612,STATE_16120000,posterior.trees,true,sample,bayesian,years,Lee_2013
posterior-613,STATE_16130000,posterior.trees,true,sample,bayesian,years,Lee_2013
posterior-614,STATE_16140000,posterior.trees,true,sample,bayesian,years,Lee_2013
posterior-615,STATE_16150000,posterior.trees,true,sample,bayesian,years,Lee_2013
posterior-616,STATE_16160000,posterior.trees,true,sample,bayesian,years,Lee_2013
posterior-617,STATE_16170000,posterior.trees,true,sample,bayesian,years,Lee_2013
posterior-618,STATE_16180000,posterior.trees,true,sample,bayesian,years,Lee_2013
posterior-619,STATE_16190000,posterior.trees,true,sample,bayesian,years,Lee_2013
posterior-620,STATE_16200000,posterior.trees,true,sample,bayesian,years,Lee_2013
posterior-621,STATE_16210000,posterior.trees,true,sample,bayesian,years,Lee_2013
posterior-622,STATE_16220000,posterior.trees,true,sample,bayesian,years,Lee_2013
posterior-623,STATE_16230000,posterior.trees,true,sample,bayesian,years,Lee_2013
posterior-624,STATE_16240000,posterior.trees,true,sample,bayesian,years,Lee_2013
posterior-625,STATE_16250000,posterior.trees,true,sample,bayesian,years,Lee_2013
posterior-626,STATE_16260000,posterior.trees,true,sample,bayesian,years,Lee_2013
posterior-627,STATE_16270000,posterior.trees,true,sample,bayesian,years,Lee_2013
posterior-628,STATE_16280000,posterior.trees,true,sample,bayesian,years,Lee_2013
posterior-629,STATE_16290000,posterior.trees,true,sample,bayesian,years,Lee_2013
posterior-630,STATE_16300000,posterior.trees,true,sample,bayesian,years,Lee_2013
posterior-631,STATE_16310000,posterior.trees,true,sample,bayesian,years,Lee_2013
posterior-632,STATE_16320000,posterior.trees,true,sample,bayesian,years,Lee_2013
posterior-633,STATE_16330000,posterior.trees,true,sample,bayesian,years,Lee_2013
posterior-634,STATE_16340000,posterior.trees,true,sample,bayesian,years,Lee_2013
posterior-635,STATE_16350000,posterior.trees,true,sample,bayesian,years,Lee_2013
posterior-636,STATE_16360000,posterior.trees,true,sample,bayesian,years,Lee_2013
posterior-637,STATE_16370000,posterior.trees,true,sample,bayesian,years,Lee_2013
posterior-638,STATE_16380000,posterior.trees,true,sample,bayesian,years,Lee_2013
posterior-639,STATE_16390000,posterior.trees,true,sample,bayesian,years,Lee_2013
posterior-640,STATE_16400000,posterior.trees,true,sample,bayesian,years,Lee_2013
posterior-641,STATE_16410000,posterior.trees,true,sample,bayesian,years,Lee_2013
posterior-642,STATE_16420000,posterior.trees,true,sample,bayesian,years,Lee_2013
posterior-643,STATE_16430000,posterior.trees,true,sample,bayesian,years,Lee_2013
posterior-644,STATE_16440000,posterior.trees,true,sample,bayesian,years,Lee_2013
posterior-645,STATE_16450000,posterior.trees,true,sample,bayesian,years,Lee_2013
posterior-646,STATE_16460000,posterior.trees,true,sample,bayesian,years,Lee_2013
posterior-647,STATE_16470000,posterior.trees,true,sample,bayesian,years,Lee_2013
posterior-648,STATE_16480000,posterior.trees,true,sample,bayesian,years,Lee_2013
posterior-649,STATE_16490000,posterior.trees,true,sample,bayesian,years,Lee_2013
posterior-650,STATE_16500000,posterior.trees,true,sample,bayesian,years,Lee_2013
posterior-651,STATE_16510000,posterior.trees,true,sample,bayesian,years,Lee_2013
posterior-652,STATE_16520000,posterior.trees,true,sample,bayesian,years,Lee_2013
posterior-653,STATE_16530000,posterior.trees,true,sample,bayesian,years,Lee_2013
posterior-654,STATE_16540000,posterior.trees,true,sample,bayesian,years,Lee_2013
posterior-655,STATE_16550000,posterior.trees,true,sample,bayesian,years,Lee_2013
posterior-656,STATE_16560000,posterior.trees,true,sample,bayesian,years,Lee_2013
posterior-657,STATE_16570000,posterior.trees,true,sample,bayesian,years,Lee_2013
posterior-658,STATE_16580000,posterior.trees,true,sample,bayesian,years,Lee_2013
posterior-659,STATE_16590000,posterior.trees,true,sample,bayesian,years,Lee_2013
posterior-660,STATE_16600000,posterior.trees,true,sample,bayesian,years,Lee_2013
posterior-661,STATE_16610000,posterior.trees,true,sample,bayesian,years,Lee_2013
posterior-662,STATE_16620000,posterior.trees,true,sample,bayesian,years,Lee_2013
posterior-663,STATE_16630000,posterior.trees,true,sample,bayesian,years,Lee_2013
posterior-664,STATE_16640000,posterior.trees,true,sample,bayesian,years,Lee_2013
posterior-665,STATE_16650000,posterior.trees,true,sample,bayesian,years,Lee_2013
posterior-666,STATE_16660000,posterior.trees,true,sample,bayesian,years,Lee_2013
posterior-667,STATE_16670000,posterior.trees,true,sample,bayesian,years,Lee_2013
posterior-668,STATE_16680000,posterior.trees,true,sample,bayesian,years,Lee_2013
posterior-669,STATE_16690000,posterior.trees,true,sample,bayesian,years,Lee_2013
posterior-670,STATE_16700000,posterior.trees,true,sample,bayesian,years,Lee_2013
posterior-671,STATE_16710000,posterior.trees,true,sample,bayesian,years,Lee_2013
posterior-672,STATE_16720000,posterior.trees,true,sample,bayesian,years,Lee_2013
posterior-673,STATE_16730000,posterior.trees,true,sample,bayesian,years,Lee_2013
posterior-674,STATE_16740000,posterior.trees,true,sample,bayesian,years,Lee_2013
posterior-675,STATE_16750000,posterior.trees,true,sample,bayesian,years,Lee_2013
posterior-676,STATE_16760000,posterior.trees,true,sample,bayesian,years,Lee_2013
posterior-677,STATE_16770000,posterior.trees,true,sample,bayesian,years,Lee_2013
posterior-678,STATE_16780000,posterior.trees,true,sample,bayesian,years,Lee_2013
posterior-679,STATE_16790000,posterior.trees,true,sample,bayesian,years,Lee_2013
posterior-680,STATE_16800000,posterior.trees,true,sample,bayesian,years,Lee_2013
posterior-681,STATE_16810000,posterior.trees,true,sample,bayesian,years,Lee_2013
posterior-682,STATE_16820000,posterior.trees,true,sample,bayesian,years,Lee_2013
posterior-683,STATE_16830000,posterior.trees,true,sample,bayesian,years,Lee_2013
posterior-684,STATE_16840000,posterior.trees,true,sample,bayesian,years,Lee_2013
posterior-685,STATE_16850000,posterior.trees,true,sample,bayesian,years,Lee_2013
posterior-686,STATE_16860000,posterior.trees,true,sample,bayesian,years,Lee_2013
posterior-687,STATE_16870000,posterior.trees,true,sample,bayesian,years,Lee_2013
posterior-688,STATE_16880000,posterior.trees,true,sample,bayesian,years,Lee_2013
posterior-689,STATE_16890000,posterior.trees,true,sample,bayesian,years,Lee_2013
posterior-690,STATE_16900000,posterior.trees,true,sample,bayesian,years,Lee_2013
posterior-691,STATE_16910000,posterior.trees,true,sample,bayesian,years,Lee_2013
posterior-692,STATE_16920000,posterior.trees,true,sample,bayesian,years,Lee_2013
posterior-693,STATE_16930000,posterior.trees,true,sample,bayesian,years,Lee_2013
posterior-694,STATE_16940000,posterior.trees,true,sample,bayesian,years,Lee_2013
posterior-695,STATE_16950000,posterior.trees,true,sample,bayesian,years,Lee_2013
posterior-696,STATE_16960000,posterior.trees,true,sample,bayesian,years,Lee_2013
posterior-697,STATE_16970000,posterior.trees,true,sample,bayesian,years,Lee_2013
posterior-698,STATE_16980000,posterior.trees,true,sample,bayesian,years,Lee_2013
posterior-699,STATE_16990000,posterior.trees,true,sample,bayesian,years,Lee_2013
posterior-700,STATE_17000000,posterior.trees,true,sample,bayesian,years,Lee_2013
posterior-701,STATE_17010000,posterior.trees,true,sample,bayesian,years,Lee_2013
posterior-702,STATE_17020000,posterior.trees,true,sample,bayesian,years,Lee_2013
posterior-703,STATE_17030000,posterior.trees,true,sample,bayesian,years,Lee_2013
posterior-704,STATE_17040000,posterior.trees,true,sample,bayesian,years,Lee_2013
posterior-705,STATE_17050000,posterior.trees,true,sample,bayesian,years,Lee_2013
posterior-706,STATE_17060000,posterior.trees,true,sample,bayesian,years,Lee_2013
posterior-707,STATE_17070000,posterior.trees,true,sample,bayesian,years,Lee_2013
posterior-708,STATE_17080000,posterior.trees,true,sample,bayesian,years,Lee_2013
posterior-709,STATE_17090000,posterior.trees,true,sample,bayesian,years,Lee_2013
posterior-710,STATE_17100000,posterior.trees,true,sample,bayesian,years,Lee_2013
posterior-711,STATE_17110000,posterior.trees,true,sample,bayesian,years,Lee_2013
posterior-712,STATE_17120000,posterior.trees,true,sample,bayesian,years,Lee_2013
posterior-713,STATE_17130000,posterior.trees,true,sample,bayesian,years,Lee_2013
posterior-714,STATE_17140000,posterior.trees,true,sample,bayesian,years,Lee_2013
posterior-715,STATE_17150000,posterior.trees,true,sample,bayesian,years,Lee_2013
posterior-716,STATE_17160000,posterior.trees,true,sample,bayesian,years,Lee_2013
posterior-717,STATE_17170000,posterior.trees,true,sample,bayesian,years,Lee_2013
posterior-718,STATE_17180000,posterior.trees,true,sample,bayesian,years,Lee_2013
posterior-719,STATE_17190000,posterior.trees,true,sample,bayesian,years,Lee_2013
posterior-720,STATE_17200000,posterior.trees,true,sample,bayesian,years,Lee_2013
posterior-721,STATE_17210000,posterior.trees,true,sample,bayesian,years,Lee_2013
posterior-722,STATE_17220000,posterior.trees,true,sample,bayesian,years,Lee_2013
posterior-723,STATE_17230000,posterior.trees,true,sample,bayesian,years,Lee_2013
posterior-724,STATE_17240000,posterior.trees,true,sample,bayesian,years,Lee_2013
posterior-725,STATE_17250000,posterior.trees,true,sample,bayesian,years,Lee_2013
posterior-726,STATE_17260000,posterior.trees,true,sample,bayesian,years,Lee_2013
posterior-727,STATE_17270000,posterior.trees,true,sample,bayesian,years,Lee_2013
posterior-728,STATE_17280000,posterior.trees,true,sample,bayesian,years,Lee_2013
posterior-729,STATE_17290000,posterior.trees,true,sample,bayesian,years,Lee_2013
posterior-730,STATE_17300000,posterior.trees,true,sample,bayesian,years,Lee_2013
posterior-731,STATE_17310000,posterior.trees,true,sample,bayesian,years,Lee_2013
posterior-732,STATE_17320000,posterior.trees,true,sample,bayesian,years,Lee_2013
posterior-733,STATE_17330000,posterior.trees,true,sample,bayesian,years,Lee_2013
posterior-734,STATE_17340000,posterior.trees,true,sample,bayesian,years,Lee_2013
posterior-735,STATE_17350000,posterior.trees,true,sample,bayesian,years,Lee_2013
posterior-736,STATE_17360000,posterior.trees,true,sample,bayesian,years,Lee_2013
posterior-737,STATE_17370000,posterior.trees,true,sample,bayesian,years,Lee_2013
posterior-738,STATE_17380000,posterior.trees,true,sample,bayesian,years,Lee_2013
posterior-739,STATE_17390000,posterior.trees,true,sample,bayesian,years,Lee_2013
posterior-740,STATE_17400000,posterior.trees,true,sample,bayesian,years,Lee_2013
posterior-741,STATE_17410000,posterior.trees,true,sample,bayesian,years,Lee_2013
posterior-742,STATE_17420000,posterior.trees,true,sample,bayesian,years,Lee_2013
posterior-743,STATE_17430000,posterior.trees,true,sample,bayesian,years,Lee_2013
posterior-744,STATE_17440000,posterior.trees,true,sample,bayesian,years,Lee_2013
posterior-745,STATE_17450000,posterior.trees,true,sample,bayesian,years,Lee_2013
posterior-746,STATE_17460000,posterior.trees,true,sample,bayesian,years,Lee_2013
posterior-747,STATE_17470000,posterior.trees,true,sample,bayesian,years,Lee_2013
posterior-748,STATE_17480000,posterior.trees,true,sample,bayesian,years,Lee_2013
posterior-749,STATE_17490000,posterior.trees,true,sample,bayesian,years,Lee_2013
posterior-750,STATE_17500000,posterior.trees,true,sample,bayesian,years,Lee_2013
posterior-751,STATE_17510000,posterior.trees,true,sample,bayesian,years,Lee_2013
posterior-752,STATE_17520000,posterior.trees,true,sample,bayesian,years,Lee_2013
posterior-753,STATE_17530000,posterior.trees,true,sample,bayesian,years,Lee_2013
posterior-754,STATE_17540000,posterior.trees,true,sample,bayesian,years,Lee_2013
posterior-755,STATE_17550000,posterior.trees,true,sample,bayesian,years,Lee_2013
posterior-756,STATE_17560000,posterior.trees,true,sample,bayesian,years,Lee_2013
posterior-757,STATE_17570000,posterior.trees,true,sample,bayesian,years,Lee_2013
posterior-758,STATE_17580000,posterior.trees,true,sample,bayesian,years,Lee_2013
posterior-759,STATE_17590000,posterior.trees,true,sample,bayesian,years,Lee_2013
posterior-760,STATE_17600000,posterior.trees,true,sample,bayesian,years,Lee_2013
posterior-761,STATE_17610000,posterior.trees,true,sample,bayesian,years,Lee_2013
posterior-762,STATE_17620000,posterior.trees,true,sample,bayesian,years,Lee_2013
posterior-763,STATE_17630000,posterior.trees,true,sample,bayesian,years,Lee_2013
posterior-764,STATE_17640000,posterior.trees,true,sample,bayesian,years,Lee_2013
posterior-765,STATE_17650000,posterior.trees,true,sample,bayesian,years,Lee_2013
posterior-766,STATE_17660000,posterior.trees,true,sample,bayesian,years,Lee_2013
posterior-767,STATE_17670000,posterior.trees,true,sample,bayesian,years,Lee_2013
posterior-768,STATE_17680000,posterior.trees,true,sample,bayesian,years,Lee_2013
posterior-769,STATE_17690000,posterior.trees,true,sample,bayesian,years,Lee_2013
posterior-770,STATE_17700000,posterior.trees,true,sample,bayesian,years,Lee_2013
posterior-771,STATE_17710000,posterior.trees,true,sample,bayesian,years,Lee_2013
posterior-772,STATE_17720000,posterior.trees,true,sample,bayesian,years,Lee_2013
posterior-773,STATE_17730000,posterior.trees,true,sample,bayesian,years,Lee_2013
posterior-774,STATE_17740000,posterior.trees,true,sample,bayesian,years,Lee_2013
posterior-775,STATE_17750000,posterior.trees,true,sample,bayesian,years,Lee_2013
posterior-776,STATE_17760000,posterior.trees,true,sample,bayesian,years,Lee_2013
posterior-777,STATE_17770000,posterior.trees,true,sample,bayesian,years,Lee_2013
posterior-778,STATE_17780000,posterior.trees,true,sample,bayesian,years,Lee_2013
posterior-779,STATE_17790000,posterior.trees,true,sample,bayesian,years,Lee_2013
posterior-780,STATE_17800000,posterior.trees,true,sample,bayesian,years,Lee_2013
posterior-781,STATE_17810000,posterior.trees,true,sample,bayesian,years,Lee_2013
posterior-782,STATE_17820000,posterior.trees,true,sample,bayesian,years,Lee_2013
posterior-783,STATE_17830000,posterior.trees,true,sample,bayesian,years,Lee_2013
posterior-784,STATE_17840000,posterior.trees,true,sample,bayesian,years,Lee_2013
posterior-785,STATE_17850000,posterior.trees,true,sample,bayesian,years,Lee_2013
posterior-786,STATE_17860000,posterior.trees,true,sample,bayesian,years,Lee_2013
posterior-787,STATE_17870000,posterior.trees,true,sample,bayesian,years,Lee_2013
posterior-788,STATE_17880000,posterior.trees,true,sample,bayesian,years,Lee_2013
posterior-789,STATE_17890000,posterior.trees,true,sample,bayesian,years,Lee_2013
posterior-790,STATE_17900000,posterior.trees,true,sample,bayesian,years,Lee_2013
posterior-791,STATE_17910000,posterior.trees,true,sample,bayesian,years,Lee_2013
posterior-792,STATE_17920000,posterior.trees,true,sample,bayesian,years,Lee_2013
posterior-793,STATE_17930000,posterior.trees,true,sample,bayesian,years,Lee_2013
posterior-794,STATE_17940000,posterior.trees,true,sample,bayesian,years,Lee_2013
posterior-795,STATE_17950000,posterior.trees,true,sample,bayesian,years,Lee_2013
posterior-796,STATE_17960000,posterior.trees,true,sample,bayesian,years,Lee_2013
posterior-797,STATE_17970000,posterior.trees,true,sample,bayesian,years,Lee_2013
posterior-798,STATE_17980000,posterior.trees,true,sample,bayesian,years,Lee_2013
posterior-799,STATE_17990000,posterior.trees,true,sample,bayesian,years,Lee_2013
posterior-800,STATE_18000000,posterior.trees,true,sample,bayesian,years,Lee_2013
posterior-801,STATE_18010000,posterior.trees,true,sample,bayesian,years,Lee_2013
posterior-802,STATE_18020000,posterior.trees,true,sample,bayesian,years,Lee_2013
posterior-803,STATE_18030000,posterior.trees,true,sample,bayesian,years,Lee_2013
posterior-804,STATE_18040000,posterior.trees,true,sample,bayesian,years,Lee_2013
posterior-805,STATE_18050000,posterior.trees,true,sample,bayesian,years,Lee_2013
posterior-806,STATE_18060000,posterior.trees,true,sample,bayesian,years,Lee_2013
posterior-807,STATE_18070000,posterior.trees,true,sample,bayesian,years,Lee_2013
posterior-808,STATE_18080000,posterior.trees,true,sample,bayesian,years,Lee_2013
posterior-809,STATE_18090000,posterior.trees,true,sample,bayesian,years,Lee_2013
posterior-810,STATE_18100000,posterior.trees,true,sample,bayesian,years,Lee_2013
posterior-811,STATE_18110000,posterior.trees,true,sample,bayesian,years,Lee_2013
posterior-812,STATE_18120000,posterior.trees,true,sample,bayesian,years,Lee_2013
posterior-813,STATE_18130000,posterior.trees,true,sample,bayesian,years,Lee_2013
posterior-814,STATE_18140000,posterior.trees,true,sample,bayesian,years,Lee_2013
posterior-815,STATE_18150000,posterior.trees,true,sample,bayesian,years,Lee_2013
posterior-816,STATE_18160000,posterior.trees,true,sample,bayesian,years,Lee_2013
posterior-817,STATE_18170000,posterior.trees,true,sample,bayesian,years,Lee_2013
posterior-818,STATE_18180000,posterior.trees,true,sample,bayesian,years,Lee_2013
posterior-819,STATE_18190000,posterior.trees,true,sample,bayesian,years,Lee_2013
posterior-820,STATE_18200000,posterior.trees,true,sample,bayesian,years,Lee_2013
posterior-821,STATE_18210000,posterior.trees,true,sample,bayesian,years,Lee_2013
posterior-822,STATE_18220000,posterior.trees,true,sample,bayesian,years,Lee_2013
posterior-823,STATE_18230000,posterior.trees,true,sample,bayesian,years,Lee_2013
posterior-824,STATE_18240000,posterior.trees,true,sample,bayesian,years,Lee_2013
posterior-825,STATE_18250000,posterior.trees,true,sample,bayesian,years,Lee_2013
posterior-826,STATE_18260000,posterior.trees,true,sample,bayesian,years,Lee_2013
posterior-827,STATE_18270000,posterior.trees,true,sample,bayesian,years,Lee_2013
posterior-828,STATE_18280000,posterior.trees,true,sample,bayesian,years,Lee_2013
posterior-829,STATE_18290000,posterior.trees,true,sample,bayesian,years,Lee_2013
posterior-830,STATE_18300000,posterior.trees,true,sample,bayesian,years,Lee_2013
posterior-831,STATE_18310000,posterior.trees,true,sample,bayesian,years,Lee_2013
posterior-832,STATE_18320000,posterior.trees,true,sample,bayesian,years,Lee_2013
posterior-833,STATE_18330000,posterior.trees,true,sample,bayesian,years,Lee_2013
posterior-834,STATE_18340000,posterior.trees,true,sample,bayesian,years,Lee_2013
posterior-835,STATE_18350000,posterior.trees,true,sample,bayesian,years,Lee_2013
posterior-836,STATE_18360000,posterior.trees,true,sample,bayesian,years,Lee_2013
posterior-837,STATE_18370000,posterior.trees,true,sample,bayesian,years,Lee_2013
posterior-838,STATE_18380000,posterior.trees,true,sample,bayesian,years,Lee_2013
posterior-839,STATE_18390000,posterior.trees,true,sample,bayesian,years,Lee_2013
posterior-840,STATE_18400000,posterior.trees,true,sample,bayesian,years,Lee_2013
posterior-841,STATE_18410000,posterior.trees,true,sample,bayesian,years,Lee_2013
posterior-842,STATE_18420000,posterior.trees,true,sample,bayesian,years,Lee_2013
posterior-843,STATE_18430000,posterior.trees,true,sample,bayesian,years,Lee_2013
posterior-844,STATE_18440000,posterior.trees,true,sample,bayesian,years,Lee_2013
posterior-845,STATE_18450000,posterior.trees,true,sample,bayesian,years,Lee_2013
posterior-846,STATE_18460000,posterior.trees,true,sample,bayesian,years,Lee_2013
posterior-847,STATE_18470000,posterior.trees,true,sample,bayesian,years,Lee_2013
posterior-848,STATE_18480000,posterior.trees,true,sample,bayesian,years,Lee_2013
posterior-849,STATE_18490000,posterior.trees,true,sample,bayesian,years,Lee_2013
posterior-850,STATE_18500000,posterior.trees,true,sample,bayesian,years,Lee_2013
posterior-851,STATE_18510000,posterior.trees,true,sample,bayesian,years,Lee_2013
posterior-852,STATE_18520000,posterior.trees,true,sample,bayesian,years,Lee_2013
posterior-853,STATE_18530000,posterior.trees,true,sample,bayesian,years,Lee_2013
posterior-854,STATE_18540000,posterior.trees,true,sample,bayesian,years,Lee_2013
posterior-855,STATE_18550000,posterior.trees,true,sample,bayesian,years,Lee_2013
posterior-856,STATE_18560000,posterior.trees,true,sample,bayesian,years,Lee_2013
posterior-857,STATE_18570000,posterior.trees,true,sample,bayesian,years,Lee_2013
posterior-858,STATE_18580000,posterior.trees,true,sample,bayesian,years,Lee_2013
posterior-859,STATE_18590000,posterior.trees,true,sample,bayesian,years,Lee_2013
posterior-860,STATE_18600000,posterior.trees,true,sample,bayesian,years,Lee_2013
posterior-861,STATE_18610000,posterior.trees,true,sample,bayesian,years,Lee_2013
posterior-862,STATE_18620000,posterior.trees,true,sample,bayesian,years,Lee_2013
posterior-863,STATE_18630000,posterior.trees,true,sample,bayesian,years,Lee_2013
posterior-864,STATE_18640000,posterior.trees,true,sample,bayesian,years,Lee_2013
posterior-865,STATE_18650000,posterior.trees,true,sample,bayesian,years,Lee_2013
posterior-866,STATE_18660000,posterior.trees,true,sample,bayesian,years,Lee_2013
posterior-867,STATE_18670000,posterior.trees,true,sample,bayesian,years,Lee_2013
posterior-868,STATE_18680000,posterior.trees,true,sample,bayesian,years,Lee_2013
posterior-869,STATE_18690000,posterior.trees,true,sample,bayesian,years,Lee_2013
posterior-870,STATE_18700000,posterior.trees,true,sample,bayesian,years,Lee_2013
posterior-871,STATE_18710000,posterior.trees,true,sample,bayesian,years,Lee_2013
posterior-872,STATE_18720000,posterior.trees,true,sample,bayesian,years,Lee_2013
posterior-873,STATE_18730000,posterior.trees,true,sample,bayesian,years,Lee_2013
posterior-874,STATE_18740000,posterior.trees,true,sample,bayesian,years,Lee_2013
posterior-875,STATE_18750000,posterior.trees,true,sample,bayesian,years,Lee_2013
posterior-876,STATE_18760000,posterior.trees,true,sample,bayesian,years,Lee_2013
posterior-877,STATE_18770000,posterior.trees,true,sample,bayesian,years,Lee_2013
posterior-878,STATE_18780000,posterior.trees,true,sample,bayesian,years,Lee_2013
posterior-879,STATE_18790000,posterior.trees,true,sample,bayesian,years,Lee_2013
posterior-880,STATE_18800000,posterior.trees,true,sample,bayesian,years,Lee_2013
posterior-881,STATE_18810000,posterior.trees,true,sample,bayesian,years,Lee_2013
posterior-882,STATE_18820000,posterior.trees,true,sample,bayesian,years,Lee_2013
posterior-883,STATE_18830000,posterior.trees,true,sample,bayesian,years,Lee_2013
posterior-884,STATE_18840000,posterior.trees,true,sample,bayesian,years,Lee_2013
posterior-885,STATE_18850000,posterior.trees,true,sample,bayesian,years,Lee_2013
posterior-886,STATE_18860000,posterior.trees,true,sample,bayesian,years,Lee_2013
posterior-887,STATE_18870000,posterior.trees,true,sample,bayesian,years,Lee_2013
posterior-888,STATE_18880000,posterior.trees,true,sample,bayesian,years,Lee_2013
posterior-889,STATE_18890000,posterior.trees,true,sample,bayesian,years,Lee_2013
posterior-890,STATE_18900000,posterior.trees,true,sample,bayesian,years,Lee_2013
posterior-891,STATE_18910000,posterior.trees,true,sample,bayesian,years,Lee_2013
posterior-892,STATE_18920000,posterior.trees,true,sample,bayesian,years,Lee_2013
posterior-893,STATE_18930000,posterior.trees,true,sample,bayesian,years,Lee_2013
posterior-894,STATE_18940000,posterior.trees,true,sample,bayesian,years,Lee_2013
posterior-895,STATE_18950000,posterior.trees,true,sample,bayesian,years,Lee_2013
posterior-896,STATE_18960000,posterior.trees,true,sample,bayesian,years,Lee_2013
posterior-897,STATE_18970000,posterior.trees,true,sample,bayesian,years,Lee_2013
posterior-898,STATE_18980000,posterior.trees,true,sample,bayesian,years,Lee_2013
posterior-899,STATE_18990000,posterior.trees,true,sample,bayesian,years,Lee_2013
posterior-900,STATE_19000000,posterior.trees,true,sample,bayesian,years,Lee_2013
posterior-901,STATE_19010000,posterior.trees,true,sample,bayesian,years,Lee_2013
posterior-902,STATE_19020000,posterior.trees,true,sample,bayesian,years,Lee_2013
posterior-903,STATE_19030000,posterior.trees,true,sample,bayesian,years,Lee_2013
posterior-904,STATE_19040000,posterior.trees,true,sample,bayesian,years,Lee_2013
posterior-905,STATE_19050000,posterior.trees,true,sample,bayesian,years,Lee_2013
posterior-906,STATE_19060000,posterior.trees,true,sample,bayesian,years,Lee_2013
posterior-907,STATE_19070000,posterior.trees,true,sample,bayesian,years,Lee_2013
posterior-908,STATE_19080000,posterior.trees,true,sample,bayesian,years,Lee_2013
posterior-909,STATE_19090000,posterior.trees,true,sample,bayesian,years,Lee_2013
posterior-910,STATE_19100000,posterior.trees,true,sample,bayesian,years,Lee_2013
posterior-911,STATE_19110000,posterior.trees,true,sample,bayesian,years,Lee_2013
posterior-912,STATE_19120000,posterior.trees,true,sample,bayesian,years,Lee_2013
posterior-913,STATE_19130000,posterior.trees,true,sample,bayesian,years,Lee_2013
posterior-914,STATE_19140000,posterior.trees,true,sample,bayesian,years,Lee_2013
posterior-915,STATE_19150000,posterior.trees,true,sample,bayesian,years,Lee_2013
posterior-916,STATE_19160000,posterior.trees,true,sample,bayesian,years,Lee_2013
posterior-917,STATE_19170000,posterior.trees,true,sample,bayesian,years,Lee_2013
posterior-918,STATE_19180000,posterior.trees,true,sample,bayesian,years,Lee_2013
posterior-919,STATE_19190000,posterior.trees,true,sample,bayesian,years,Lee_2013
posterior-920,STATE_19200000,posterior.trees,true,sample,bayesian,years,Lee_2013
posterior-921,STATE_19210000,posterior.trees,true,sample,bayesian,years,Lee_2013
posterior-922,STATE_19220000,posterior.trees,true,sample,bayesian,years,Lee_2013
posterior-923,STATE_19230000,posterior.trees,true,sample,bayesian,years,Lee_2013
posterior-924,STATE_19240000,posterior.trees,true,sample,bayesian,years,Lee_2013
posterior-925,STATE_19250000,posterior.trees,true,sample,bayesian,years,Lee_2013
posterior-926,STATE_19260000,posterior.trees,true,sample,bayesian,years,Lee_2013
posterior-927,STATE_19270000,posterior.trees,true,sample,bayesian,years,Lee_2013
posterior-928,STATE_19280000,posterior.trees,true,sample,bayesian,years,Lee_2013
posterior-929,STATE_19290000,posterior.trees,true,sample,bayesian,years,Lee_2013
posterior-930,STATE_19300000,posterior.trees,true,sample,bayesian,years,Lee_2013
posterior-931,STATE_19310000,posterior.trees,true,sample,bayesian,years,Lee_2013
posterior-932,STATE_19320000,posterior.trees,true,sample,bayesian,years,Lee_2013
posterior-933,STATE_19330000,posterior.trees,true,sample,bayesian,years,Lee_2013
posterior-934,STATE_19340000,posterior.trees,true,sample,bayesian,years,Lee_2013
posterior-935,STATE_19350000,posterior.trees,true,sample,bayesian,years,Lee_2013
posterior-936,STATE_19360000,posterior.trees,true,sample,bayesian,years,Lee_2013
posterior-937,STATE_19370000,posterior.trees,true,sample,bayesian,years,Lee_2013
posterior-938,STATE_19380000,posterior.trees,true,sample,bayesian,years,Lee_2013
posterior-939,STATE_19390000,posterior.trees,true,sample,bayesian,years,Lee_2013
posterior-940,STATE_19400000,posterior.trees,true,sample,bayesian,years,Lee_2013
posterior-941,STATE_19410000,posterior.trees,true,sample,bayesian,years,Lee_2013
posterior-942,STATE_19420000,posterior.trees,true,sample,bayesian,years,Lee_2013
posterior-943,STATE_19430000,posterior.trees,true,sample,bayesian,years,Lee_2013
posterior-944,STATE_19440000,posterior.trees,true,sample,bayesian,years,Lee_2013
posterior-945,STATE_19450000,posterior.trees,true,sample,bayesian,years,Lee_2013
posterior-946,STATE_19460000,posterior.trees,true,sample,bayesian,years,Lee_2013
posterior-947,STATE_19470000,posterior.trees,true,sample,bayesian,years,Lee_2013
posterior-948,STATE_19480000,posterior.trees,true,sample,bayesian,years,Lee_2013
posterior-949,STATE_19490000,posterior.trees,true,sample,bayesian,years,Lee_2013
posterior-950,STATE_19500000,posterior.trees,true,sample,bayesian,years,Lee_2013
posterior-951,STATE_19510000,posterior.trees,true,sample,bayesian,years,Lee_2013
posterior-952,STATE_19520000,posterior.trees,true,sample,bayesian,years,Lee_2013
posterior-953,STATE_19530000,posterior.trees,true,sample,bayesian,years,Lee_2013
posterior-954,STATE_19540000,posterior.trees,true,sample,bayesian,years,Lee_2013
posterior-955,STATE_19550000,posterior.trees,true,sample,bayesian,years,Lee_2013
posterior-956,STATE_19560000,posterior.trees,true,sample,bayesian,years,Lee_2013
posterior-957,STATE_19570000,posterior.trees,true,sample,bayesian,years,Lee_2013
posterior-958,STATE_19580000,posterior.trees,true,sample,bayesian,years,Lee_2013
posterior-959,STATE_19590000,posterior.trees,true,sample,bayesian,years,Lee_2013
posterior-960,STATE_19600000,posterior.trees,true,sample,bayesian,years,Lee_2013
posterior-961,STATE_19610000,posterior.trees,true,sample,bayesian,years,Lee_2013
posterior-962,STATE_19620000,posterior.trees,true,sample,bayesian,years,Lee_2013
posterior-963,STATE_19630000,posterior.trees,true,sample,bayesian,years,Lee_2013
posterior-964,STATE_19640000,posterior.trees,true,sample,bayesian,years,Lee_2013
posterior-965,STATE_19650000,posterior.trees,true,sample,bayesian,years,Lee_2013
posterior-966,STATE_19660000,posterior.trees,true,sample,bayesian,years,Lee_2013
posterior-967,STATE_19670000,posterior.trees,true,sample,bayesian,years,Lee_2013
posterior-968,STATE_19680000,posterior.trees,true,sample,bayesian,years,Lee_2013
posterior-969,STATE_19690000,posterior.trees,true,sample,bayesian,years,Lee_2013
posterior-970,STATE_19700000,posterior.trees,true,sample,bayesian,years,Lee_2013
posterior-971,STATE_19710000,posterior.trees,true,sample,bayesian,years,Lee_2013
posterior-972,STATE_19720000,posterior.trees,true,sample,bayesian,years,Lee_2013
posterior-973,STATE_19730000,posterior.trees,true,sample,bayesian,years,Lee_2013
posterior-974,STATE_19740000,posterior.trees,true,sample,bayesian,years,Lee_2013
posterior-975,STATE_19750000,posterior.trees,true,sample,bayesian,years,Lee_2013
posterior-976,STATE_19760000,posterior.trees,true,sample,bayesian,years,Lee_2013
posterior-977,STATE_19770000,posterior.trees,true,sample,bayesian,years,Lee_2013
posterior-978,STATE_19780000,posterior.trees,true,sample,bayesian,years,Lee_2013
posterior-979,STATE_19790000,posterior.trees,true,sample,bayesian,years,Lee_2013
posterior-980,STATE_19800000,posterior.trees,true,sample,bayesian,years,Lee_2013
posterior-981,STATE_19810000,posterior.trees,true,sample,bayesian,years,Lee_2013
posterior-982,STATE_19820000,posterior.trees,true,sample,bayesian,years,Lee_2013
posterior-983,STATE_19830000,posterior.trees,true,sample,bayesian,years,Lee_2013
posterior-984,STATE_19840000,posterior.trees,true,sample,bayesian,years,Lee_2013
posterior-985,STATE_19850000,posterior.trees,true,sample,bayesian,years,Lee_2013
posterior-986,STATE_19860000,posterior.trees,true,sample,bayesian,years,Lee_2013
posterior-987,STATE_19870000,posterior.trees,true,sample,bayesian,years,Lee_2013
posterior-988,STATE_19880000,posterior.trees,true,sample,bayesian,years,Lee_2013
posterior-989,STATE_19890000,posterior.trees,true,sample,bayesian,years,Lee_2013
posterior-990,STATE_19900000,posterior.trees,true,sample,bayesian,years,Lee_2013
posterior-991,STATE_19910000,posterior.trees,true,sample,bayesian,years,Lee_2013
posterior-992,STATE_19920000,posterior.trees,true,sample,bayesian,years,Lee_2013
posterior-993,STATE_19930000,posterior.trees,true,sample,bayesian,years,Lee_2013
posterior-994,STATE_19940000,posterior.trees,true,sample,bayesian,years,Lee_2013
posterior-995,STATE_19950000,posterior.trees,true,sample,bayesian,years,Lee_2013
posterior-996,STATE_19960000,posterior.trees,true,sample,bayesian,years,Lee_2013
posterior-997,STATE_19970000,posterior.trees,true,sample,bayesian,years,Lee_2013
posterior-998,STATE_19980000,posterior.trees,true,sample,bayesian,years,Lee_2013
posterior-999,STATE_19990000,posterior.trees,true,sample,bayesian,years,Lee_2013
posterior-1000,STATE_20000000,posterior.trees,true,sample,bayesian,years,Lee_2013
